area,2018 Total Population,2018 Average Household Size,2018 Households,2018 Families,2018 Average Family Size,2018 Owner Occupied Housing Units,2018 Renter Occupied Housing Units,2018 Vacant Housing Units,2018 Median Household Income,2018 Median Home Value,2018 Diversity Index,2018 25+ Population - High School Graduate,2018 25+ Population - Associates Degree,2018 25+ Population - Bachelors Degree,2018 25+ Population - Graduate/Professional,2018 Civilian Unemployed (Unemployment Rate %)
10,396.0,3.9,99.0,84.0,4.24,3.9,92.2,3.9,13500.0,275000.0,89.2,18.1,2.9,5.1,1.4,13.3
15,835.0,2.51,333.0,211.0,3.16,70.9,23.9,5.1,58255.0,233929.0,70.7,33.3,9.5,12.8,5.2,3.0
17,874.0,3.88,225.0,166.0,4.44,52.3,41.8,5.9,34534.0,174000.0,71.5,20.0,6.1,4.9,0.0,8.7
20,262.0,2.79,94.0,58.0,3.53,55.1,40.8,4.1,29905.0,178906.0,79.0,29.0,2.2,10.9,2.2,4.7
6,286.0,3.11,92.0,69.0,3.57,54.5,38.4,7.1,44836.0,162500.0,79.4,18.6,1.1,19.8,0.0,6.2
4,438.0,3.91,112.0,88.0,4.43,50.4,42.1,7.4,41405.0,150000.0,80.1,36.0,2.1,5.9,0.0,6.0
18,39.0,3.55,11.0,8.0,4.0,54.5,45.5,0.0,41495.0,150000.0,73.2,31.8,4.5,13.6,0.0,0.0
12,175.0,2.5,70.0,44.0,3.16,69.7,23.7,7.9,57638.0,234259.0,70.6,33.3,9.8,13.0,4.9,2.4
1,375.0,2.6,143.0,62.0,3.94,39.5,57.8,2.7,28761.0,245455.0,72.8,30.5,10.0,15.4,5.4,3.3
16,808.0,3.56,227.0,175.0,3.98,68.2,26.0,6.2,45826.0,174353.0,72.7,29.2,5.0,10.9,6.9,4.2
5,883.0,1.66,529.0,231.0,2.49,39.8,58.1,2.0,28554.0,246250.0,72.9,30.4,9.9,15.3,5.6,3.3
21,0.0,0.0,0.0,0.0,0.0,0.0,0.0,0.0,0.0,0.0,0.0,0.0,0.0,0.0,0.0,0.0
7,515.0,3.6,128.0,89.0,4.22,28.7,64.7,5.9,26852.0,272000.0,81.4,25.9,6.0,11.4,1.6,7.3
3,1618.0,1.77,914.0,326.0,2.66,31.1,64.3,4.6,65218.0,407718.0,67.8,21.1,5.4,28.9,14.3,2.7
14,377.0,3.56,106.0,80.0,4.06,63.2,28.9,7.0,52934.0,169444.0,80.1,13.1,7.7,3.6,2.7,2.7
2,0.0,0.0,0.0,0.0,0.0,0.0,0.0,0.0,0.0,0.0,0.0,0.0,0.0,0.0,0.0,0.0
11,0.0,0.0,0.0,0.0,0.0,0.0,0.0,0.0,0.0,0.0,0.0,0.0,0.0,0.0,0.0,0.0
9,498.0,3.15,158.0,112.0,3.72,42.9,43.4,13.2,35786.0,194792.0,80.3,28.3,2.5,12.7,3.5,6.0
13,338.0,1.89,179.0,63.0,2.71,11.7,79.2,9.1,51354.0,125000.0,67.5,19.4,4.6,38.4,7.6,2.0
19,285.0,2.08,137.0,83.0,2.7,77.8,17.4,4.9,57943.0,233871.0,69.3,40.5,6.7,8.1,2.9,0.0
8,176.0,2.84,62.0,39.0,3.44,72.1,27.9,0.0,70024.0,340000.0,66.1,23.8,8.5,26.2,9.2,2.0
