Site,SOVI_districtwide
cg_080010078012,11.372014140140886
cg_080010079002,-0.13363195662031252
cg_080010079004,9.906392265568892
cg_080010081001,0.8117481390842307
cg_080010082001,3.758635090362648
cg_080010082002,4.547967028732324
cg_080010082003,2.2842338774967486
cg_080010083081,3.6237845183439905
cg_080010083082,6.267735785988969
cg_080010083083,6.740063804635915
cg_080010083091,9.307459398925443
cg_080010083092,12.741798956260999
cg_080010083093,3.946165670625251
cg_080010083531,3.983046855689673
cg_080010083534,-0.9044799717581471
cg_080010083535,1.9152116005284623
cg_080010084011,-1.841385163359391
cg_080010085051,5.80285842487239
cg_080010085052,3.439359083236728
cg_080010085053,2.170350234226124
cg_080010085054,5.391340169998369
cg_080010085055,3.8986712363706575
cg_080010085056,3.500714714702127
cg_080010085071,5.245870636919877
cg_080010085075,6.565384850800574
cg_080010085081,0.625645477274015
cg_080010085082,-0.49229826036298774
cg_080010085231,-1.2937389670808237
cg_080010085232,-2.8780516711339716
cg_080010085233,-1.3193681077587862
cg_080010085261,-4.076306869765782
cg_080010085263,4.250159923528927
cg_080010085265,-5.012766062579534
cg_080010085291,0.8628123967064998
cg_080010085292,1.4605587322421458
cg_080010085331,-0.46899810613633286
cg_080010085332,2.1298946724605243
cg_080010085341,-0.27187797642523887
cg_080010085342,0.31701848131224003
cg_080010085343,-4.045265359535422
cg_080010085351,0.04498540112803645
cg_080010085361,-5.174055896880737
cg_080010085371,-2.519628906343678
cg_080010085382,-5.749068114427804
cg_080010085391,-3.034388034850963
cg_080010085401,-4.4154182090474325
cg_080010085411,-5.086866723624958
cg_080010085441,-6.09845273473693
cg_080010085453,-7.525517204643419
cg_080010085461,-0.10503777936024417
cg_080010085462,-3.8754703001075557
cg_080010085471,-1.6826691472425714
cg_080010085472,3.073875168046231
cg_080010085481,-1.718992648808526
cg_080010085491,-2.353020914281201
cg_080010085492,-1.0082484206126407
cg_080010085503,-1.3322169871978808
cg_080010085504,2.164340742821048
cg_080010085511,-2.73316767079196
cg_080010086063,11.080525268339207
cg_080010087093,10.817215444185424
cg_080010088023,7.274032939235981
cg_080010089011,4.9628980090509565
cg_080010090011,4.859810543270987
cg_080010090021,13.638262244329884
cg_080010090022,10.221002647237624
cg_080010090023,9.619847489279916
cg_080010090024,1.8152570825352323
cg_080010090025,9.312399560702247
cg_080010091011,5.753850102911416
cg_080010091012,6.7186046400995725
cg_080010091031,5.9623241626552135
cg_080010091032,9.88282740428594
cg_080010091042,4.854269178359105
cg_080010092022,6.510111150812334
cg_080010092023,8.54399078733951
cg_080010092031,6.967035718463683
cg_080010092041,0.7411344745462853
cg_080010092043,0.13164924721968513
cg_080010092071,6.375357933280096
cg_080010093041,5.730652091411817
cg_080010093042,14.25656792592004
cg_080010093043,8.20994020640208
cg_080010093044,11.242838398337645
cg_080010093071,5.4716731035457356
cg_080010093161,9.081788913447221
cg_080010093162,11.553151144445492
cg_080010093163,23.29796578698074
cg_080010093164,11.937189050554446
cg_080010093165,17.986848487093823
cg_080010093182,9.51582406929331
cg_080010093201,9.511182239106136
cg_080010093211,14.664775151973851
cg_080010093212,2.4449469269975372
cg_080010093251,4.460769859562977
cg_080010093271,0.26623275066874147
cg_080010093272,2.169849263400671
cg_080010093274,-0.8761257261937585
cg_080010094012,8.336864886662394
cg_080010094013,6.258454115454571
cg_080010094091,-2.2368830398045616
cg_080010094092,-3.143082234205815
cg_080010094101,-4.4507048980291115
cg_080010094102,-0.3500829598933231
cg_080010094112,3.7945562333845135
cg_080010095023,5.843025869676901
cg_080010095532,6.17305348846145
cg_080010096031,4.056731730683472
cg_080010096034,3.0937725142925356
cg_080010096035,10.184075704441886
cg_080010096042,8.896382456278888
cg_080010096061,8.947332960029307
cg_080010096062,7.434499991308088
cg_080010096071,1.5231337794704356
cg_080010096072,3.5691401644843874
cg_080010096073,8.636675042106212
cg_080010096081,4.396973806999913
cg_080010096082,-0.19973013672306
cg_080010097511,10.413454138389087
cg_080010097512,12.095093687166761
cg_080010097522,-4.856436989348431
cg_080010150001,10.85479660894273
cg_080010150002,7.306880020623826
cg_080010600001,-4.509417650813193
cg_080010600002,-5.07054484828943
cg_080010601001,-4.382402269705167
cg_080010601002,0.05694511545117886
cg_080010602001,2.8974627327711078
cg_080010602002,-6.964070476819514
cg_080010612001,-5.261391788060197
cg_080050049521,2.4813366467002997
cg_080050055512,6.706447695763793
cg_080050055521,9.922793355889919
cg_080050055522,10.994278160569092
cg_080050056111,1.6685230894934686
cg_080050056114,-5.778716714096788
cg_080050056121,-11.637254188057218
cg_080050056122,1.0389817304338311
cg_080050056142,4.737289022594663
cg_080050056211,-4.442285544377689
cg_080050056212,0.2560778366682077
cg_080050056221,-6.505105778666859
cg_080050056222,-7.6775683552375575
cg_080050056231,-0.2388801202131432
cg_080050056232,-2.147365612874633
cg_080050056241,-1.0882624595048194
cg_080050056271,2.0837621105912367
cg_080050056272,-0.5390528814040836
cg_080050056292,-9.416171625979374
cg_080050056301,3.956840014382613
cg_080050056302,-2.448997418963828
cg_080050056303,-1.5094236936366645
cg_080050056304,-3.1033986038481665
cg_080050056313,-2.6414903893609525
cg_080050056321,-2.406411701304185
cg_080050056322,-2.49329378319023
cg_080050056331,-5.226280404366184
cg_080050056342,12.634605987601878
cg_080050056351,1.7786541110895164
cg_080050056352,0.8951827062436233
cg_080050056361,-11.524672116303627
cg_080050057002,3.037376694915138
cg_080050059512,7.27985397223792
cg_080050059513,10.135734282778865
cg_080050061001,3.667695350220012
cg_080050064003,2.611679658920208
cg_080050065011,4.202105705452734
cg_080050065021,4.08797701884313
cg_080050065022,0.470976901274625
cg_080050065023,4.1376732959300035
cg_080050066011,12.449229547409187
cg_080050066012,2.28973673742536
cg_080050066013,4.915395522409961
cg_080050066014,11.569618631045211
cg_080050066031,-0.062375649764866634
cg_080050066032,1.3041837795714606
cg_080050066033,8.304168851215604
cg_080050066041,4.883638798645022
cg_080050066042,4.273565423714318
cg_080050066043,12.774233743083034
cg_080050067041,-9.879849107816932
cg_080050067042,-11.40531229299083
cg_080050067043,-13.552885281600112
cg_080050067044,-14.986975767363901
cg_080050067051,-13.728512625774908
cg_080050067061,-0.898876223387207
cg_080050067062,-3.111059528129231
cg_080050067063,-1.1451939350738751
cg_080050067071,-2.9174268844710354
cg_080050067074,-2.7836719614181877
cg_080050067082,-1.6454096440116186
cg_080050067083,-2.2069686914520825
cg_080050067091,-3.9399100943110277
cg_080050067093,-4.373707830967584
cg_080050067094,-4.075518805120226
cg_080050067111,-5.201168799678721
cg_080050067113,-1.1709510113446786
cg_080050067114,-3.2190992706201254
cg_080050067121,-8.931501310013692
cg_080050068151,-4.147428561644985
cg_080050068152,-3.4894217484928864
cg_080050068153,3.0907057714781563
cg_080050068541,-5.81707876565743
cg_080050068551,-4.92987491485897
cg_080050068552,-6.659993954623067
cg_080050068561,-5.792440551965715
cg_080050068562,-4.10006735983721
cg_080050068563,-8.698932966674871
cg_080050068564,0.6676627476887147
cg_080050068571,-9.798190986409875
cg_080050068572,-7.781513764883175
cg_080050068581,0.14783481985777774
cg_080050068583,-2.7572744221171885
cg_080050071031,-2.688985527190716
cg_080050071041,-5.1581775382689825
cg_080050071042,-5.673811383847948
cg_080050071043,-8.83011950604787
cg_080050071052,5.204107166400028
cg_080050071061,-6.8738722132922465
cg_080050071062,-5.707365304339448
cg_080050071071,-5.571300462989865
cg_080050071072,-11.092949724136888
cg_080050073012,1.6973252517307194
cg_080050073023,6.3698603545038
cg_080050076001,2.447708202044692
cg_080050077033,4.1124554412483265
cg_080050077041,1.4826115762980294
cg_080050800001,2.8624874934792266
cg_080050801001,8.408452604936821
cg_080050801002,9.383882616550098
cg_080050810001,4.722125626903103
cg_080050810002,3.3251246661794323
cg_080050810003,-0.7112566285481896
cg_080050816002,-0.4780717845231507
cg_080050818001,11.609365991889572
cg_080050818002,3.7476206281405413
cg_080050818003,3.587549499438593
cg_080050819002,0.054349312989717624
cg_080050819003,10.310027885076096
cg_080050819004,3.114585356248205
cg_080050820001,2.7844193547501566
cg_080050820002,2.6497435713123862
cg_080050820003,5.533097150047382
cg_080050821001,-2.6308651735474884
cg_080050821002,-3.2139693139722874
cg_080050821003,5.982152348645378
cg_080050822003,3.5004853987724047
cg_080050822004,-1.3213085294466884
cg_080050823001,0.30385004749874056
cg_080050823002,2.4206981356655652
cg_080050824001,0.5977587468981802
cg_080050824002,-0.5925217592395624
cg_080050824003,10.164657031498749
cg_080050825001,0.5901045797542137
cg_080050825002,-0.8837259640209496
cg_080050826002,-1.0834728356458174
cg_080050826003,-0.41060237219362083
cg_080050828003,-0.45517612417960956
cg_080050828004,1.7113839047639225
cg_080050830001,-5.146455750668739
cg_080050831001,-3.136607415477841
cg_080050832001,-5.01680242954148
cg_080050832002,-6.165450919664167
cg_080050833002,-1.1618336923337667
cg_080050833003,-1.1138207019511843
cg_080050834001,-2.7666678925455863
cg_080050834002,-2.589788925226051
cg_080050835002,-3.319586120746334
cg_080050835003,-3.032673530466753
cg_080050835004,6.3964572250596685
cg_080050835005,-1.428707836895316
cg_080050837001,-0.16967388451733934
cg_080050840001,-0.46338549872476337
cg_080050840002,-0.7149516722545592
cg_080050841002,-0.6860680787796488
cg_080050841003,-1.2570288048901468
cg_080050842003,1.186103364683596
cg_080050847002,0.6365529879276864
cg_080050847003,-3.256159366112615
cg_080050847004,0.34067907089857274
cg_080050848001,-3.9113393377962082
cg_080050849001,-8.349948385794844
cg_080050849002,-8.577187450790193
cg_080050850001,-3.3042528811726677
cg_080050851001,-8.708841682851403
cg_080050851003,-8.313005281556444
cg_080050852001,-8.852087187937817
cg_080050852002,-6.02765865750815
cg_080050853001,-5.41691989906781
cg_080050855002,-7.832215276457264
cg_080050857001,-1.2651344877309159
cg_080050857003,-2.6225168059938793
cg_080050858001,-3.5973282424436928
cg_080050859001,-8.078478626819953
cg_080050860001,-3.219995867860209
cg_080050860003,-5.823306132394022
cg_080050863002,-0.6993450042043896
cg_080050863003,-4.981582537797547
cg_080050864001,-8.713078903433471
cg_080050864002,-19.782649002898278
cg_080050865001,1.5843437285222222
cg_080050865002,-7.8486085106733965
cg_080050866001,6.819929712872116
cg_080050866002,-3.89830380126789
cg_080050867002,-8.715772517202161
cg_080050872001,-3.17805975778213
cg_080050873001,5.607960059092678
cg_080050873003,-0.07193615094003003
cg_080130121011,-5.4554930904526895
cg_080130121012,-7.358114677519807
cg_080130121013,-3.3258836588875234
cg_080130121014,-2.6769097872492726
cg_080130121021,2.6602013055556912
cg_080130121022,-3.619849610276836
cg_080130121023,0.18594177969839082
cg_080130121024,-1.6793482613516955
cg_080130121025,-5.2122812621897685
cg_080130121031,-4.177499104423475
cg_080130121032,-6.774886453643825
cg_080130121033,-1.5576354523415024
cg_080130121041,-3.03870693823552
cg_080130121042,-3.1684350823101393
cg_080130121052,9.386116885715365
cg_080130121053,-5.790050050644111
cg_080130121054,-1.9842366409706451
cg_080130122011,1.1114126191067613
cg_080130122012,-4.499499800616348
cg_080130122013,-3.3846236026548366
cg_080130122021,-1.468683053262284
cg_080130122022,-1.0868029706504183
cg_080130122023,0.12895525432327226
cg_080130122024,-0.7861151893606759
cg_080130122031,7.533356174810677
cg_080130122032,-0.8475335874995652
cg_080130122033,4.51645499063293
cg_080130122034,0.012111362929354108
cg_080130122041,-2.523796807541512
cg_080130122042,-0.11628623732452636
cg_080130122043,-2.8329581307231724
cg_080130123001,-6.366309952399455
cg_080130123002,-1.2161996114248945
cg_080130124012,-2.223255094093069
cg_080130125011,-4.109845139328943
cg_080130125012,2.1043681362369084
cg_080130125051,-6.747083923505665
cg_080130125052,-5.468655423707984
cg_080130125053,-2.4207182154951066
cg_080130125071,-3.5399095088092873
cg_080130125072,-2.2985446671121452
cg_080130125073,-7.57550773275194
cg_080130125081,-11.960381522775057
cg_080130125082,-1.442811776784238
cg_080130125083,1.4022663967442575
cg_080130125091,-5.21976495770304
cg_080130125092,-3.413039193299165
cg_080130125102,-5.205769996091544
cg_080130125103,-4.065445099896474
cg_080130125104,-3.4855164598100146
cg_080130125111,6.805980022294015
cg_080130125112,1.471627141015811
cg_080130125113,2.404059619052921
cg_080130126031,-2.6999595759117865
cg_080130126032,-3.9568920872273234
cg_080130126051,-1.379303728572834
cg_080130126052,-3.0214373650358723
cg_080130126071,13.102958577833775
cg_080130126072,-1.1623582930863188
cg_080130126073,-0.7002420089549578
cg_080130126074,-0.27269272361507074
cg_080130126081,-0.7763357168308397
cg_080130127013,-8.790727547974448
cg_080130127014,-1.7343631700025886
cg_080130127071,-1.5246992214500872
cg_080130127072,-5.176821131276935
cg_080130127081,-5.6056227781162145
cg_080130127083,-4.05080494614311
cg_080130127084,-4.8873884565017285
cg_080130127091,-3.7490455275212025
cg_080130127101,-1.323497584851376
cg_080130127102,-3.8884772643297487
cg_080130128001,-8.82214017329687
cg_080130128003,-6.133091847009326
cg_080130128004,-6.894714733664922
cg_080130128005,-4.7662108894177155
cg_080130129031,-6.246655554606404
cg_080130129042,-1.286179169709515
cg_080130129071,-1.451870370387946
cg_080130130031,-7.232150009515318
cg_080130130032,-11.269401275416158
cg_080130130034,-2.1797182562056716
cg_080130130051,-0.647522392791422
cg_080130130052,-4.519760939450085
cg_080130130061,-0.32998917716937626
cg_080130132112,-2.8964672460495278
cg_080130137011,-6.352794549935361
cg_080130137012,-4.442372457596238
cg_080130137013,-4.960946097449272
cg_080130606001,-2.9756478180319106
cg_080130606002,-7.563752996980541
cg_080130606003,0.9792034506349311
cg_080130607001,-6.099197816522265
cg_080130607002,-2.865654212056207
cg_080130607003,-3.772613544714513
cg_080130608002,1.9489752251099253
cg_080130608003,1.6211354241884828
cg_080130609001,0.5510064305979977
cg_080130609002,-6.414582622490214
cg_080130613001,-10.029531760790013
cg_080130613002,-9.324803815074121
cg_080130614001,-7.840199181740532
cg_080140300001,4.700289242485137
cg_080140300002,0.7783858480694839
cg_080140301001,3.8574322647251575
cg_080140301002,1.3799561969476049
cg_080140302001,-5.155187529276299
cg_080140303001,6.141250957304028
cg_080140303002,1.1050577955588248
cg_080140304003,-5.0418372488446686
cg_080140305001,-5.178096601865825
cg_080140305002,-4.922245741946796
cg_080140305003,-4.749095658458986
cg_080140306002,-2.387299576168968
cg_080140306003,12.83424825769098
cg_080140306004,-2.030713618356432
cg_080140307001,-2.321881012118255
cg_080140307002,-1.9516852985104085
cg_080140308002,8.888401985763426
cg_080140308003,-6.434192166303768
cg_080140308004,-4.6611386080435215
cg_080140309001,-7.934364447464265
cg_080140309004,1.5200245096730867
cg_080140310002,-1.904644086220384
cg_080140311002,-2.0518892407239044
cg_080140311003,-2.4959228048108333
cg_080140312001,-0.4814611663374624
cg_080140312002,2.3230076169348686
cg_080140313002,-8.108834190042458
cg_080140314001,-5.447004575417409
cg_080310006001,2.3723521770281386
cg_080310007012,12.68542803181066
cg_080310007013,12.999023061906717
cg_080310007021,12.006370374463325
cg_080310007022,11.681399185338247
cg_080310007023,2.83324211532552
cg_080310007024,12.85663817501817
cg_080310007025,11.665854298391926
cg_080310008001,12.618096392075032
cg_080310009022,11.621904355092104
cg_080310009023,14.9200887328266
cg_080310009024,10.166457936693353
cg_080310009031,10.937680214106663
cg_080310009034,11.648424290039983
cg_080310009041,13.544248766366268
cg_080310009042,18.644907679113025
cg_080310009043,17.116210858512677
cg_080310009044,11.779449568371422
cg_080310009051,11.068326655216387
cg_080310009052,14.110204057650545
cg_080310009053,9.208723291762851
cg_080310010001,18.199210931941725
cg_080310011023,0.6544945283798008
cg_080310013021,10.994348145454987
cg_080310013022,7.282271035787067
cg_080310013023,7.335318263668272
cg_080310014011,8.99023740730062
cg_080310014012,5.619279793538227
cg_080310014015,11.128729535295495
cg_080310014022,14.112924446690414
cg_080310014023,14.262642969069367
cg_080310014031,3.7638199687870486
cg_080310014032,2.175833093466027
cg_080310015003,6.988735552070131
cg_080310016001,-2.5656497727545826
cg_080310016002,-5.174036173637826
cg_080310017011,-3.284915297961507
cg_080310017012,-2.414125939889366
cg_080310017015,-1.8387363470535283
cg_080310018001,5.544698978009089
cg_080310019021,-5.81675725734719
cg_080310020001,-2.7329612052351853
cg_080310021003,-4.66476637542182
cg_080310027024,-2.716408532724045
cg_080310028011,-1.2871876276558254
cg_080310028012,0.046387582632350766
cg_080310028013,0.3001975848084899
cg_080310028021,0.6183170381207064
cg_080310028034,4.734634178214859
cg_080310030015,-2.8079979546220155
cg_080310030022,3.249112701664935
cg_080310030023,-1.4560800992592813
cg_080310030041,0.08394801224646975
cg_080310030042,-3.7545336561446647
cg_080310032031,-9.835590101709887
cg_080310032032,-5.339635897762516
cg_080310034011,-8.724782808232767
cg_080310039011,-0.6282581090651072
cg_080310040021,-2.795490686409922
cg_080310040024,0.47573629051408545
cg_080310040061,-3.399123775439712
cg_080310040063,-6.656292492953214
cg_080310040064,-6.4102301026603605
cg_080310041021,-9.76138611903849
cg_080310041061,-8.942031498301148
cg_080310044032,2.965692501100892
cg_080310044042,0.4645655915843839
cg_080310044043,10.900415769314224
cg_080310044052,-0.7447871219752771
cg_080310045042,13.251801143802663
cg_080310045043,10.865471618081827
cg_080310046013,6.887813422680968
cg_080310046014,5.498732100699728
cg_080310046022,10.817410083043786
cg_080310046023,10.670663061215492
cg_080310046024,8.212820327932333
cg_080310047002,4.192072391062744
cg_080310047005,3.0542003263015802
cg_080310048012,5.695513675965996
cg_080310048013,4.391535669876064
cg_080310050011,0.5761532212620717
cg_080310050024,-5.939194241861668
cg_080310050025,3.842984415133061
cg_080310052001,-0.4007101562093642
cg_080310052002,0.9072648914585179
cg_080310052003,-0.6749357198501105
cg_080310052004,-0.4663515264402112
cg_080310055021,1.067471940220692
cg_080310067011,-1.2939869745255979
cg_080310068041,2.737161820091961
cg_080310068042,-4.227836960243142
cg_080310068092,-2.6041976501206876
cg_080310068093,-3.2232731912814643
cg_080310068094,4.840356188850783
cg_080310068095,3.2017676302436104
cg_080310068102,2.8897336541497065
cg_080310068103,-3.1090799000057454
cg_080310068104,-2.3901310436843293
cg_080310068114,1.325662166906114
cg_080310068121,2.814156885776678
cg_080310068122,9.496433130262405
cg_080310068131,2.7919423396215444
cg_080310068141,-3.8802599447706942
cg_080310068142,6.2123474708549224
cg_080310068144,2.2540475442085754
cg_080310069011,1.979844284404042
cg_080310069013,3.2254675320303368
cg_080310069015,2.0289241560026725
cg_080310070062,2.329585263123683
cg_080310070131,-0.5545913858672125
cg_080310070881,1.4891945549428498
cg_080310083891,-6.144844554895699
cg_080310083892,-7.731098626183325
cg_080310083893,-3.215979325185244
cg_080310083911,-2.433637497539934
cg_080310083912,-3.290523534922915
cg_080310119022,6.315050766312362
cg_080310119023,4.99054256197323
cg_080310119031,5.090467963655206
cg_080310119032,6.804363647830006
cg_080310120012,-3.474191495266491
cg_080310120101,-2.8652740439892765
cg_080310120102,5.094042620815494
cg_080310120103,0.01630323124446953
cg_080310120142,1.4809914594813578
cg_080310153002,2.732535222265771
cg_080310154001,4.772698543502868
cg_080310156002,12.152434485277292
cg_080310156004,10.547900041475854
cg_080310157003,2.562030052369451
cg_080350139011,-1.365420460861416
cg_080350139012,-2.3908262926553747
cg_080350139013,-3.389151642108572
cg_080350139014,-7.044381450028388
cg_080350139042,-1.987125951290535
cg_080350139043,1.571490167416695
cg_080350139051,4.055871922486025
cg_080350139052,-3.724943249480031
cg_080350139053,-6.730750924551389
cg_080350139071,-3.7817311317060627
cg_080350139072,-5.324766404428294
cg_080350139073,-2.0807270715660544
cg_080350139081,-3.44795068467874
cg_080350139082,-4.263985126417024
cg_080350139083,-4.194615991121201
cg_080350139084,-6.020603148241961
cg_080350139101,-5.60916244624509
cg_080350139102,-5.042112237752952
cg_080350139111,-4.320794750111697
cg_080350139112,-7.6121674132426635
cg_080350139113,-3.9605200321400265
cg_080350139114,-5.382100560883186
cg_080350140011,-3.3184236290347515
cg_080350140012,-0.30456064208569433
cg_080350140013,-4.175152882632896
cg_080350140061,-7.51878463834163
cg_080350140062,-6.659243285296159
cg_080350140071,-4.220078567649637
cg_080350140072,-0.8261399238211904
cg_080350140082,-7.309790270159067
cg_080350140083,-7.320505647914185
cg_080350140084,-7.06994743674739
cg_080350140091,-7.29511406800189
cg_080350140101,-5.2096133793267265
cg_080350140102,0.20572373154589257
cg_080350140103,-5.380048534551872
cg_080350140111,-4.797539382579298
cg_080350140122,-6.494895645885416
cg_080350140124,-2.0499111107942665
cg_080350140132,-11.079677995502905
cg_080350141071,-4.689841027670702
cg_080350141081,-3.717657861813083
cg_080350141082,-6.608575165790797
cg_080350141083,-5.823978631510647
cg_080350141091,-1.7604974814435472
cg_080350141121,-5.0243187064154275
cg_080350141122,-6.244115997369799
cg_080350141141,-2.166762424207557
cg_080350141142,-1.4200728696461615
cg_080350141151,-7.202857098178442
cg_080350141152,-3.226823328536847
cg_080350141161,-12.362880671806629
cg_080350141162,-3.878160825401611
cg_080350141222,-12.718980347103798
cg_080350141231,-8.70765907108214
cg_080350141242,-7.073882408385742
cg_080350141243,-6.3087448565003985
cg_080350141251,-7.224573372030455
cg_080350141281,-5.586133092585607
cg_080350141291,-7.673504267448015
cg_080350141301,-7.645929573743541
cg_080350141302,-8.81418781825708
cg_080350141303,-3.8504843917556033
cg_080350141304,-5.818343812933568
cg_080350141311,-1.0225492569405514
cg_080350141312,6.134264762736501
cg_080350141313,-3.918169019249727
cg_080350141322,-9.043820632765932
cg_080350141331,-3.450189813890226
cg_080350141332,-5.754239446382211
cg_080350141333,-12.58285136672834
cg_080350141351,-9.722653288603029
cg_080350141363,-5.5867789090961875
cg_080350141371,-8.319407362269018
cg_080350141372,-9.11008014450704
cg_080350141373,-9.080946242292306
cg_080350141382,-0.8865165930044239
cg_080350141391,-0.3238954805431958
cg_080350141401,-7.942850378561513
cg_080350141402,-8.223962356344838
cg_080350142021,-5.008865711010104
cg_080350142022,-5.297280443758614
cg_080350142031,-2.093845664486067
cg_080350142032,-7.021478531495944
cg_080350142033,-4.53876309174618
cg_080350142041,-4.757291482529286
cg_080350144061,-7.919832479956436
cg_080590098062,-2.593293264070614
cg_080590098072,-1.3204930981162577
cg_080590098081,-2.0117907640921064
cg_080590098151,-1.7081503908245157
cg_080590098152,-5.203796970915626
cg_080590098241,-2.2078822205069084
cg_080590098242,-2.9153609313274593
cg_080590098271,-3.4733155842516585
cg_080590098272,-4.228761282476799
cg_080590098281,-4.169004207193962
cg_080590098282,1.4994991742689094
cg_080590098283,-1.3301385989042998
cg_080590098291,-5.289571411554838
cg_080590098321,2.8121397098583136
cg_080590098322,1.6508575851939868
cg_080590098331,3.2114451467405614
cg_080590098332,-2.9164361906705025
cg_080590098333,1.9841045715734429
cg_080590098334,-0.25709182925711893
cg_080590098335,2.9979228933000264
cg_080590098341,1.7801974909556701
cg_080590098342,5.335064784983495
cg_080590098343,0.19286336550945887
cg_080590098351,-1.0633290223286231
cg_080590098352,-1.2497307087897758
cg_080590098361,-3.8074529937340995
cg_080590098362,-3.376751525745455
cg_080590098371,-6.95337399939423
cg_080590098372,-8.33364464327157
cg_080590098381,-4.038032846537725
cg_080590098382,-7.793631814158429
cg_080590098391,-3.591568214023062
cg_080590098392,-5.50015901822014
cg_080590098402,-0.910209776312245
cg_080590098411,-0.40414926667919276
cg_080590098412,2.3598243736586886
cg_080590098421,-3.780894060474299
cg_080590098422,-7.994254883722104
cg_080590098431,0.9696502714112487
cg_080590098432,-4.1722019532093
cg_080590098433,-5.913052931571252
cg_080590098434,-5.295264095429957
cg_080590098453,-8.02794939379206
cg_080590098491,-5.0855235232868585
cg_080590098493,-9.515386143544255
cg_080590098495,6.517695704003672
cg_080590098502,-3.9630975744184296
cg_080590098511,-4.14840852968264
cg_080590098512,-3.066532525171175
cg_080590098522,-2.881981837112004
cg_080590098523,-1.8990911911139163
cg_080590099002,-0.23584634650658765
cg_080590099003,-0.3627689912793559
cg_080590100001,-4.516158197347857
cg_080590100002,-5.747448998111212
cg_080590100003,-1.056577888435291
cg_080590101001,7.865590947964583
cg_080590101002,2.178651661122578
cg_080590101003,-3.3593058408070404
cg_080590101004,5.859553408840734
cg_080590102063,2.2180999224942584
cg_080590102081,3.19639470917587
cg_080590102083,1.692725877370561
cg_080590102091,4.238128915401292
cg_080590102092,2.5574504006564336
cg_080590102093,0.2991848613028992
cg_080590102124,2.1069854047212964
cg_080590102131,-10.503065165765161
cg_080590102133,2.2276941486272217
cg_080590103031,0.3874355760398864
cg_080590103032,1.0058358791045976
cg_080590103034,0.2439379035474752
cg_080590103035,-0.6917160983940877
cg_080590103041,2.210125656565831
cg_080590103042,4.885854338522208
cg_080590103043,2.8662646241891325
cg_080590103051,6.857581770720256
cg_080590103052,3.9796441441637738
cg_080590103053,2.778298737956842
cg_080590103054,5.912563803025702
cg_080590103073,6.451113969178433
cg_080590103082,2.7006749829671954
cg_080590103083,-2.9049778781956315
cg_080590104022,3.91451898132123
cg_080590104031,5.726307041105349
cg_080590104032,3.067600380588111
cg_080590104033,2.983290007748122
cg_080590104034,7.143604006096086
cg_080590104051,3.7242408494110557
cg_080590104061,2.646405321490736
cg_080590104062,14.369461494801948
cg_080590105021,2.3609502026954665
cg_080590105022,6.106097007321285
cg_080590105024,0.17640010694225267
cg_080590105031,4.04392519397711
cg_080590105032,4.934170769526286
cg_080590105033,-1.1563016340811982
cg_080590105042,1.4670727310442224
cg_080590106043,3.0145472934520994
cg_080590107013,4.008873165490031
cg_080590107023,9.867820243193862
cg_080590108011,1.0223076813180905
cg_080590109013,4.270790600876483
cg_080590109021,4.240404020398341
cg_080590109022,3.8016516247347596
cg_080590110001,6.092995773762836
cg_080590110002,6.211513568699486
cg_080590110003,3.997504804135226
cg_080590110006,4.62015244367049
cg_080590111001,11.29247208702098
cg_080590111002,3.2501005524966398
cg_080590111003,2.40607047620766
cg_080590111004,10.216059608391198
cg_080590111005,1.0382744021346155
cg_080590112021,1.065876716209433
cg_080590112022,0.8591435207383125
cg_080590112023,0.6782895522096781
cg_080590112024,2.562575942074798
cg_080590113001,3.445734694624491
cg_080590113002,9.559007807565305
cg_080590113003,5.134362817697636
cg_080590113004,4.064866330670499
cg_080590114011,9.067349795191333
cg_080590114012,10.064352613484067
cg_080590114021,4.39696510617233
cg_080590114022,10.164387542076048
cg_080590114023,9.021149044690455
cg_080590115501,8.396831304643534
cg_080590115502,11.767778866776133
cg_080590115503,8.869937241833824
cg_080590115504,10.52250799913609
cg_080590115505,7.118078625214279
cg_080590116011,11.080885822808002
cg_080590116012,2.866084872379654
cg_080590117012,-0.4951509625487942
cg_080590117013,3.4580913071547164
cg_080590117023,1.5539332274701942
cg_080590117081,3.0268767570299926
cg_080590117082,1.306491877364204
cg_080590117083,2.4347039393473118
cg_080590117091,0.8065303049279166
cg_080590117093,-1.2056726567680358
cg_080590117103,2.0026829292922375
cg_080590117114,3.9736720314903486
cg_080590117201,0.14675178789801246
cg_080590117231,10.258729875672008
cg_080590117241,-12.497849344781695
cg_080590117262,-6.21631583326668
cg_080590117263,-3.336970719061805
cg_080590117271,1.7773096653029856
cg_080590117273,0.8911622704098844
cg_080590117291,4.656974726542077
cg_080590117303,1.8161421515038259
cg_080590117311,-3.498931191200856
cg_080590117312,3.8461108663168107
cg_080590117313,4.559049583116874
cg_080590118041,2.8974458701917216
cg_080590118042,4.495255324289476
cg_080590118043,5.970228567175029
cg_080590118051,4.038361939842958
cg_080590118053,4.401914139982034
cg_080590118061,5.873563757644954
cg_080590118062,7.548062655085499
cg_080590118063,8.903951278658031
cg_080590119041,5.481284513958525
cg_080590119511,1.399557090135243
cg_080590120222,-2.810390430270401
cg_080590120223,-1.5089804474425548
cg_080590120224,-6.363537059966763
cg_080590120231,-2.9258402679077613
cg_080590120232,-2.413237959919537
cg_080590120233,-0.253268199855158
cg_080590120241,-3.88294407823201
cg_080590120242,-1.4580956346073535
cg_080590120243,-4.348147125637548
cg_080590120271,-1.6309378912930934
cg_080590120272,-4.19771602562767
cg_080590120273,-0.4480710702651177
cg_080590120341,-4.833202619707575
cg_080590120343,-10.604018473530338
cg_080590120351,-9.649939611059906
cg_080590120352,-10.364358779515664
cg_080590120362,-7.629770524076554
cg_080590120381,-7.458892621398101
cg_080590120382,-2.965830049255009
cg_080590120393,-0.8813983827647477
cg_080590120394,1.653808875410317
cg_080590120395,-2.5811397922690578
cg_080590120413,-0.224421055447862
cg_080590120421,-4.045083969834887
cg_080590120422,-2.08794212691183
cg_080590120432,-5.718325430656317
cg_080590120433,0.680764955106955
cg_080590120441,-3.3541218777429807
cg_080590120442,-3.630390688785825
cg_080590120452,-2.611038642840372
cg_080590120453,-6.0599687220502245
cg_080590120454,-2.223270564206043
cg_080590120461,-1.126493413615357
cg_080590120462,-0.3311216798025916
cg_080590120471,1.732227844770147
cg_080590120472,-1.7580527452313317
cg_080590120473,0.44090189869172275
cg_080590120481,9.15213466045353
cg_080590120482,-1.3390885393204108
cg_080590120483,0.9022334685388229
cg_080590120491,-4.187643703978233
cg_080590120492,-2.653442524118266
cg_080590120493,-0.4715481558933044
cg_080590120502,-3.880985773184961
cg_080590120503,-2.9773808228582523
cg_080590120511,-3.075542283354594
cg_080590120512,0.3539604919922775
cg_080590120513,-1.0761331746730798
cg_080590120521,-2.016879757581712
cg_080590120522,-3.1272510005928837
cg_080590120523,-0.9860219579962369
cg_080590120524,0.24259123186003992
cg_080590120525,-2.1955144895814276
cg_080590120531,-1.116259420091123
cg_080590120532,-1.810159343486551
cg_080590120533,-1.2022520210155503
cg_080590120541,-0.16713490632390884
cg_080590120542,-3.3034335623043725
cg_080590120543,-3.886006215221098
cg_080590120551,-0.35652319606196314
cg_080590120552,-5.2167247618706805
cg_080590120553,0.16524145269465101
cg_080590120571,-5.574957027508939
cg_080590120572,-4.566930236886662
cg_080590120573,-1.2715602014434815
cg_080590120574,-0.1693829393513445
cg_080590120591,0.17464020389110288
cg_080590120592,-6.036711263784466
cg_080590120593,-3.207223895813538
cg_080590120601,-2.2381845916488636
cg_080590120602,-0.6766416926079785
cg_080590158001,8.481194506312406
cg_080590158002,1.8767917639413554
cg_080590159001,-1.1766234762152992
cg_080590603003,-2.9166432601584713
cg_080590603004,-2.4099079977891744
cg_080590604001,-4.6542457241551904
cg_080590604002,-1.9289456223650432
cg_080590604003,-0.9128587969289412
cg_080590605001,-2.5773933928825334
cg_080590605003,-5.581954717833071
